what,kind,bundleId,bundleVersion,description,time
deactivated,workbench,org.eclipse.ui.workbench,3.7.1.v20120104-1859,"",1363683004662
activated,workbench,org.eclipse.ui.workbench,3.7.1.v20120104-1859,"",1363683005334
deactivated,workbench,org.eclipse.ui.workbench,3.7.1.v20120104-1859,"",1363683009412
activated,workbench,org.eclipse.ui.workbench,3.7.1.v20120104-1859,"",1363683049060
deactivated,workbench,org.eclipse.ui.workbench,3.7.1.v20120104-1859,"",1363683053979
activated,workbench,org.eclipse.ui.workbench,3.7.1.v20120104-1859,"",1363683055941
deactivated,workbench,org.eclipse.ui.workbench,3.7.1.v20120104-1859,"",1363683060045
activated,workbench,org.eclipse.ui.workbench,3.7.1.v20120104-1859,"",1363683066537
deactivated,workbench,org.eclipse.ui.workbench,3.7.1.v20120104-1859,"",1363683068195
activated,workbench,org.eclipse.ui.workbench,3.7.1.v20120104-1859,"",1363683070158
deactivated,workbench,org.eclipse.ui.workbench,3.7.1.v20120104-1859,"",1363683075303
activated,workbench,org.eclipse.ui.workbench,3.7.1.v20120104-1859,"",1363683091852
activated,view,org.eclipse.ui.console,3.5.100.v20111007_r372,"org.eclipse.ui.console.ConsoleView",1363683096276
deactivated,workbench,org.eclipse.ui.workbench,3.7.1.v20120104-1859,"",1363683099646
activated,workbench,org.eclipse.ui.workbench,3.7.1.v20120104-1859,"",1363683100337
deactivated,workbench,org.eclipse.ui.workbench,3.7.1.v20120104-1859,"",1363683101206
activated,workbench,org.eclipse.ui.workbench,3.7.1.v20120104-1859,"",1363683104032
deactivated,workbench,org.eclipse.ui.workbench,3.7.1.v20120104-1859,"",1363683105397
activated,workbench,org.eclipse.ui.workbench,3.7.1.v20120104-1859,"",1363683129124
deactivated,workbench,org.eclipse.ui.workbench,3.7.1.v20120104-1859,"",1363683130389
activated,workbench,org.eclipse.ui.workbench,3.7.1.v20120104-1859,"",1363683133125
deactivated,workbench,org.eclipse.ui.workbench,3.7.1.v20120104-1859,"",1363683134028
activated,workbench,org.eclipse.ui.workbench,3.7.1.v20120104-1859,"",1363683188879
deactivated,workbench,org.eclipse.ui.workbench,3.7.1.v20120104-1859,"",1363683191136
activated,workbench,org.eclipse.ui.workbench,3.7.1.v20120104-1859,"",1363683192578
closed,workbench,org.eclipse.ui.workbench,3.7.1.v20120104-1859,"",1363683192754
stopped,bundle,org.eclipse.jst.ws.axis.creation.ui,1.0.700.v201104070312,"org.eclipse.jst.ws.axis.creation.ui",1363683193358
stopped,bundle,org.eclipse.jst.ws.axis.consumption.ui,1.0.505.v201004211805,"org.eclipse.jst.ws.axis.consumption.ui",1363683193361
stopped,bundle,org.eclipse.jst.ws.axis.consumption.core,1.0.407.v201104071820,"org.eclipse.jst.ws.axis.consumption.core",1363683193362
stopped,bundle,org.eclipse.jst.ws.axis2.creation.ui,1.0.104.v201004211805,"org.eclipse.jst.ws.axis2.creation.ui",1363683193367
stopped,bundle,org.eclipse.jst.ws.axis2.consumption.ui,1.0.103.v201004211805,"org.eclipse.jst.ws.axis2.consumption.ui",1363683193368
stopped,bundle,org.eclipse.jst.ws.axis2.creation.core,1.0.106.v201004211805,"org.eclipse.jst.ws.axis2.creation.core",1363683193370
stopped,bundle,org.eclipse.jst.ws.axis2.consumption.core,1.0.105.v201004211805,"org.eclipse.jst.ws.axis2.consumption.core",1363683193372
stopped,bundle,org.eclipse.jst.ws.axis2.ui,1.0.303.v201003110431,"org.eclipse.jst.ws.axis2.ui",1363683193373
stopped,bundle,org.eclipse.jst.ws.axis2.core,1.0.204.v201004211805,"org.eclipse.jst.ws.axis2.core",1363683193374
stopped,bundle,org.eclipse.jst.ws.cxf.creation.ui,1.0.100.v201104022153,"org.eclipse.jst.ws.cxf.creation.ui",1363683193376
stopped,bundle,org.eclipse.jst.ws.creation.ui,1.0.609.v201103082016,"org.eclipse.jst.ws.creation.ui",1363683193377
stopped,bundle,org.eclipse.jst.ws.cxf.consumption.ui,1.0.0.v201003222311,"org.eclipse.jst.ws.cxf.consumption.ui",1363683193379
stopped,bundle,org.eclipse.jst.ws.consumption.ui,1.1.402.v201201250306,"org.eclipse.jst.ws.consumption.ui",1363683193381
stopped,bundle,org.eclipse.jst.ws.consumption,1.0.603.v201202012024,"org.eclipse.jst.ws.consumption",1363683193383
stopped,bundle,org.eclipse.jst.ws.cxf.consumption.core,1.0.0.v201003222311,"org.eclipse.jst.ws.cxf.consumption.core",1363683193384
activated,perspective,org.eclipse.jdt.ui,,"org.eclipse.jdt.ui.JavaPerspective",1363683243203
started,bundle,org.eclipse.osgi,3.7.2.v20120110-1415,"org.eclipse.osgi",1363683243206
started,bundle,org.eclipse.equinox.simpleconfigurator,1.0.200.v20110815-1438,"org.eclipse.equinox.simpleconfigurator",1363683243207
started,bundle,com.ibm.icu,4.4.2.v20110823,"com.ibm.icu",1363683243209
started,bundle,org.eclipse.compare.core,3.5.200.I20110208-0800,"org.eclipse.compare.core",1363683243210
started,bundle,org.eclipse.core.contenttype,3.4.100.v20110423-0524,"org.eclipse.core.contenttype",1363683243212
started,bundle,org.eclipse.core.databinding.observable,1.4.0.I20110222-0800,"org.eclipse.core.databinding.observable",1363683243214
started,bundle,org.eclipse.core.expressions,3.4.300.v20110228,"org.eclipse.core.expressions",1363683243215
started,bundle,org.eclipse.core.filebuffers,3.5.200.v20110928-1504,"org.eclipse.core.filebuffers",1363683243216
started,bundle,org.eclipse.core.filesystem,1.3.100.v20110423-0524,"org.eclipse.core.filesystem",1363683243217
started,bundle,org.eclipse.core.jobs,3.5.101.v20120113-1953,"org.eclipse.core.jobs",1363683243218
started,bundle,org.eclipse.core.net,1.2.100.I20110511-0800,"org.eclipse.core.net",1363683243220
started,bundle,org.eclipse.core.resources,3.7.101.v20120125-1505,"org.eclipse.core.resources",1363683243220
started,bundle,org.eclipse.core.runtime,3.7.0.v20110110,"org.eclipse.core.runtime",1363683243221
started,bundle,org.eclipse.core.runtime.compatibility,3.2.100.v20100505,"org.eclipse.core.runtime.compatibility",1363683243222
started,bundle,org.eclipse.core.runtime.compatibility.auth,3.2.200.v20110110,"org.eclipse.core.runtime.compatibility.auth",1363683243223
started,bundle,org.eclipse.core.variables,3.2.500.v20110928-1503,"org.eclipse.core.variables",1363683243224
started,bundle,org.eclipse.debug.core,3.7.1.v20111129-2031,"org.eclipse.debug.core",1363683243225
started,bundle,org.eclipse.emf.common,2.7.0.v20120127-1122,"org.eclipse.emf.common",1363683243226
started,bundle,org.eclipse.emf.ecore,2.7.0.v20120127-1122,"org.eclipse.emf.ecore",1363683243227
started,bundle,org.eclipse.emf.ecore.xmi,2.7.0.v20120127-1122,"org.eclipse.emf.ecore.xmi",1363683243228
started,bundle,org.eclipse.epp.mpc.ui,1.1.1.I20110907-0947,"org.eclipse.epp.mpc.ui",1363683243229
started,bundle,org.eclipse.epp.usagedata.gathering,1.3.1.R201106061540,"org.eclipse.epp.usagedata.gathering",1363683243230
started,bundle,org.eclipse.epp.usagedata.recording,1.3.1.R201106061540,"org.eclipse.epp.usagedata.recording",1363683243231
started,bundle,org.eclipse.equinox.app,1.3.100.v20110321,"org.eclipse.equinox.app",1363683243232
started,bundle,org.eclipse.equinox.common,3.6.0.v20110523,"org.eclipse.equinox.common",1363683243232
started,bundle,org.eclipse.equinox.ds,1.3.1.R37x_v20110701,"org.eclipse.equinox.ds",1363683243233
started,bundle,org.eclipse.equinox.event,1.2.100.v20110502,"org.eclipse.equinox.event",1363683243234
started,bundle,org.eclipse.equinox.p2.core,2.1.1.v20120113-1346,"org.eclipse.equinox.p2.core",1363683243235
started,bundle,org.eclipse.equinox.p2.directorywatcher,1.0.300.v20110815-1419,"org.eclipse.equinox.p2.directorywatcher",1363683243236
started,bundle,org.eclipse.equinox.p2.engine,2.1.1.R37x_v20111003,"org.eclipse.equinox.p2.engine",1363683243236
started,bundle,org.eclipse.equinox.p2.metadata,2.1.0.v20110815-1419,"org.eclipse.equinox.p2.metadata",1363683243237
started,bundle,org.eclipse.equinox.p2.metadata.repository,1.2.0.v20110815-1419,"org.eclipse.equinox.p2.metadata.repository",1363683243238
started,bundle,org.eclipse.equinox.p2.operations,2.1.1.R37x_v20111111,"org.eclipse.equinox.p2.operations",1363683243239
started,bundle,org.eclipse.equinox.p2.reconciler.dropins,1.1.100.v20110815-1419,"org.eclipse.equinox.p2.reconciler.dropins",1363683243240
started,bundle,org.eclipse.equinox.p2.repository,2.1.1.v20120113-1346,"org.eclipse.equinox.p2.repository",1363683243241
started,bundle,org.eclipse.equinox.p2.ui.sdk.scheduler,1.0.100.v20110815-1419,"org.eclipse.equinox.p2.ui.sdk.scheduler",1363683243242
started,bundle,org.eclipse.equinox.p2.updatechecker,1.1.200.v20110815-1419,"org.eclipse.equinox.p2.updatechecker",1363683243243
started,bundle,org.eclipse.equinox.preferences,3.4.2.v20120111-2020,"org.eclipse.equinox.preferences",1363683243244
started,bundle,org.eclipse.equinox.registry,3.5.101.R37x_v20110810-1611,"org.eclipse.equinox.registry",1363683243244
started,bundle,org.eclipse.equinox.security,1.1.1.R37x_v20110822-1018,"org.eclipse.equinox.security",1363683243245
started,bundle,org.eclipse.equinox.util,1.0.300.v20110502,"org.eclipse.equinox.util",1363683243246
started,bundle,org.eclipse.help,3.5.100.v20110426,"org.eclipse.help",1363683243247
started,bundle,org.eclipse.jdt.apt.core,3.3.500.v20110420-1015,"org.eclipse.jdt.apt.core",1363683243247
started,bundle,org.eclipse.jdt.apt.pluggable.core,1.0.400.v20110305-1450,"org.eclipse.jdt.apt.pluggable.core",1363683243248
started,bundle,org.eclipse.jdt.core,3.7.3.v20120119-1537,"org.eclipse.jdt.core",1363683243248
started,bundle,org.eclipse.jdt.core.manipulation,1.4.0.v20110928-1453,"org.eclipse.jdt.core.manipulation",1363683243249
started,bundle,org.eclipse.jdt.launching,3.6.1.v20111006_r372,"org.eclipse.jdt.launching",1363683243249
started,bundle,org.eclipse.jdt.ui,3.7.2.v20120109-1427,"org.eclipse.jdt.ui",1363683243250
started,bundle,org.eclipse.jem,2.0.501.v201111030500,"org.eclipse.jem",1363683243250
started,bundle,org.eclipse.jem.util,2.1.100.v201103021400,"org.eclipse.jem.util",1363683243250
started,bundle,org.eclipse.jem.workbench,2.0.400.v201104251400,"org.eclipse.jem.workbench",1363683243251
started,bundle,org.eclipse.jface,3.7.0.v20110928-1505,"org.eclipse.jface",1363683243251
started,bundle,org.eclipse.jpt.common.core,1.0.2.v201111103010,"org.eclipse.jpt.common.core",1363683243252
started,bundle,org.eclipse.jpt.jpa.core,3.0.2.v201201243020,"org.eclipse.jpt.jpa.core",1363683243252
started,bundle,org.eclipse.jsch.core,1.1.300.I20110514-0800,"org.eclipse.jsch.core",1363683243253
started,bundle,org.eclipse.jst.common.frameworks,1.1.501.v201201190400,"org.eclipse.jst.common.frameworks",1363683243253
started,bundle,org.eclipse.jst.common.project.facet.core,1.4.200.v201103170302,"org.eclipse.jst.common.project.facet.core",1363683243253
started,bundle,org.eclipse.jst.j2ee,1.1.503.v201202090300,"org.eclipse.jst.j2ee",1363683243254
started,bundle,org.eclipse.jst.j2ee.core,1.2.102.v201202090300,"org.eclipse.jst.j2ee.core",1363683243254
started,bundle,org.eclipse.jst.j2ee.web,1.1.502.v201202090300,"org.eclipse.jst.j2ee.web",1363683243255
started,bundle,org.eclipse.jst.server.core,1.2.202.v20110419,"org.eclipse.jst.server.core",1363683243255
started,bundle,org.eclipse.jst.ws.jaxrs.core,1.0.301.v201108240656,"org.eclipse.jst.ws.jaxrs.core",1363683243255
started,bundle,org.eclipse.jst.ws.jaxws.utils,1.0.100.v201201031437,"org.eclipse.jst.ws.jaxws.utils",1363683243256
started,bundle,org.eclipse.ltk.core.refactoring,3.5.201.r372_v20111101-0700,"org.eclipse.ltk.core.refactoring",1363683243257
started,bundle,org.eclipse.ltk.ui.refactoring,3.6.0.v20110928-1453,"org.eclipse.ltk.ui.refactoring",1363683243257
started,bundle,org.eclipse.mylyn.bugzilla.core,3.6.5.v20120123-0100,"org.eclipse.mylyn.bugzilla.core",1363683243258
started,bundle,org.eclipse.mylyn.bugzilla.ui,3.6.0.v20110608-1400,"org.eclipse.mylyn.bugzilla.ui",1363683243258
started,bundle,org.eclipse.mylyn.commons.identity,0.8.0.v20110608-1400,"org.eclipse.mylyn.commons.identity",1363683243259
started,bundle,org.eclipse.mylyn.commons.net,3.6.0.v20110608-1400,"org.eclipse.mylyn.commons.net",1363683243259
started,bundle,org.eclipse.mylyn.commons.ui,3.6.1.v20110720-0100,"org.eclipse.mylyn.commons.ui",1363683243259
started,bundle,org.eclipse.mylyn.context.core,3.6.1.v20110720-0100,"org.eclipse.mylyn.context.core",1363683243260
started,bundle,org.eclipse.mylyn.context.ui,3.6.1.v20120112-0100,"org.eclipse.mylyn.context.ui",1363683243261
started,bundle,org.eclipse.mylyn.monitor.ui,3.6.0.v20110608-1400,"org.eclipse.mylyn.monitor.ui",1363683243261
started,bundle,org.eclipse.mylyn.tasks.ui,3.6.5.v20120215-0100,"org.eclipse.mylyn.tasks.ui",1363683243262
started,bundle,org.eclipse.mylyn.team.ui,3.6.1.v20110825-0100,"org.eclipse.mylyn.team.ui",1363683243262
started,bundle,org.eclipse.pde.launching,3.6.0.v20110506,"org.eclipse.pde.launching",1363683243263
started,bundle,org.eclipse.pde.ui,3.6.100.v20120103_r372,"org.eclipse.pde.ui",1363683243264
started,bundle,org.eclipse.search,3.7.0.v20110928-1504,"org.eclipse.search",1363683243265
started,bundle,org.eclipse.team.core,3.6.0.I20110525-0800,"org.eclipse.team.core",1363683243265
started,bundle,org.eclipse.team.cvs.core,3.3.400.I20110510-0800,"org.eclipse.team.cvs.core",1363683243266
started,bundle,org.eclipse.team.cvs.ui,3.3.401.v20120126-1227,"org.eclipse.team.cvs.ui",1363683243267
started,bundle,org.eclipse.team.ui,3.6.101.R37x_v20111109-0800,"org.eclipse.team.ui",1363683243268
started,bundle,org.eclipse.ui,3.7.0.v20110928-1505,"org.eclipse.ui",1363683243269
started,bundle,org.eclipse.ui.console,3.5.100.v20111007_r372,"org.eclipse.ui.console",1363683243269
started,bundle,org.eclipse.ui.editors,3.7.0.v20110928-1504,"org.eclipse.ui.editors",1363683243269
started,bundle,org.eclipse.ui.forms,3.5.101.v20111011-1919,"org.eclipse.ui.forms",1363683243270
started,bundle,org.eclipse.ui.ide,3.7.0.v20110928-1505,"org.eclipse.ui.ide",1363683243271
started,bundle,org.eclipse.ui.net,1.2.100.v20111208-1155,"org.eclipse.ui.net",1363683243271
started,bundle,org.eclipse.ui.views,3.6.0.v20110928-1505,"org.eclipse.ui.views",1363683243272
started,bundle,org.eclipse.ui.views.log,1.0.200.v20110404,"org.eclipse.ui.views.log",1363683243273
started,bundle,org.eclipse.ui.workbench,3.7.1.v20120104-1859,"org.eclipse.ui.workbench",1363683243274
started,bundle,org.eclipse.ui.workbench.texteditor,3.7.0.v20110928-1504,"org.eclipse.ui.workbench.texteditor",1363683243274
started,bundle,org.eclipse.update.configurator,3.3.100.v20100512,"org.eclipse.update.configurator",1363683243275
started,bundle,org.eclipse.update.core,3.2.500.v20110330,"org.eclipse.update.core",1363683243276
started,bundle,org.eclipse.update.scheduler,3.2.300.v20100512,"org.eclipse.update.scheduler",1363683243277
started,bundle,org.eclipse.wst.common.core,1.2.0.v200908252030,"org.eclipse.wst.common.core",1363683243277
started,bundle,org.eclipse.wst.common.emf,1.2.100.v201101101900,"org.eclipse.wst.common.emf",1363683243278
started,bundle,org.eclipse.wst.common.emfworkbench.integration,1.2.101.v201107140600,"org.eclipse.wst.common.emfworkbench.integration",1363683243278
started,bundle,org.eclipse.wst.common.frameworks,1.2.102.v201201190400,"org.eclipse.wst.common.frameworks",1363683243279
started,bundle,org.eclipse.wst.common.frameworks.ui,1.2.100.v201105122000,"org.eclipse.wst.common.frameworks.ui",1363683243280
started,bundle,org.eclipse.wst.common.modulecore,1.2.103.v201201190400,"org.eclipse.wst.common.modulecore",1363683243280
started,bundle,org.eclipse.wst.common.project.facet.core,1.4.201.v201201101553,"org.eclipse.wst.common.project.facet.core",1363683243281
started,bundle,org.eclipse.wst.server.core,1.1.304.v20120208_1420,"org.eclipse.wst.server.core",1363683243282
started,bundle,org.eclipse.wst.server.ui,1.3.0.v20120210_1439,"org.eclipse.wst.server.ui",1363683243282
started,bundle,org.eclipse.wst.validation,1.2.303.v201202090300,"org.eclipse.wst.validation",1363683243283
started,bundle,org.eclipse.wst.web,1.1.501.v201201190400,"org.eclipse.wst.web",1363683243284
started,bundle,org.eclipse.wst.xml.core,1.1.602.v201201091944,"org.eclipse.wst.xml.core",1363683243284
os,sysinfo,,,"win32",1363683243287
arch,sysinfo,,,"x86_64",1363683243287
ws,sysinfo,,,"win32",1363683243287
locale,sysinfo,,,"fr_FR",1363683243287
processors,sysinfo,,,"8",1363683243287
java.runtime.name,sysinfo,,,"Java(TM) SE Runtime Environment",1363683243287
java.runtime.version,sysinfo,,,"1.6.0_32-b05",1363683243287
java.specification.name,sysinfo,,,"Java Platform API Specification",1363683243287
java.specification.vendor,sysinfo,,,"Sun Microsystems Inc.",1363683243287
java.specification.version,sysinfo,,,"1.6",1363683243287
java.vendor,sysinfo,,,"Sun Microsystems Inc.",1363683243287
java.version,sysinfo,,,"1.6.0_32",1363683243287
java.vm.info,sysinfo,,,"mixed mode",1363683243287
java.vm.name,sysinfo,,,"Java HotSpot(TM) 64-Bit Server VM",1363683243287
java.vm.specification.name,sysinfo,,,"Java Virtual Machine Specification",1363683243287
java.vm.specification.vendor,sysinfo,,,"Sun Microsystems Inc.",1363683243287
java.vm.specification.version,sysinfo,,,"1.0",1363683243287
java.vm.vendor,sysinfo,,,"Sun Microsystems Inc.",1363683243287
java.vm.version,sysinfo,,,"20.7-b02",1363683243287
activated,view,org.eclipse.jdt.ui,3.7.2.v20120109-1427,"org.eclipse.jdt.ui.PackageExplorer",1363683243846
started,bundle,org.eclipse.wst.ws.service.policy.ui,1.0.300.v201108240515,"org.eclipse.wst.ws.service.policy.ui",1363683255862
started,bundle,org.eclipse.wst.ws.service.policy,1.0.303.v201009221810,"org.eclipse.wst.ws.service.policy",1363683255863
started,bundle,org.eclipse.wst.command.env,1.0.409.v201004211805,"org.eclipse.wst.command.env",1363683255874
started,bundle,org.eclipse.wst.ws,1.1.203.v201004211805,"org.eclipse.wst.ws",1363683255874
started,bundle,org.eclipse.compare,3.5.202.R37x_v20111109-0800,"org.eclipse.compare",1363683255960
deactivated,workbench,org.eclipse.ui.workbench,3.7.1.v20120104-1859,"",1363683260628
started,bundle,org.eclipse.jdt.debug,3.7.1.v20111006_r372,"org.eclipse.jdt.debug",1363683268383
started,bundle,org.eclipse.debug.ui,3.7.102.v20111129-1423_r372,"org.eclipse.debug.ui",1363683268413
started,bundle,org.eclipse.jdt.debug.ui,3.6.1.v20111006_r372,"org.eclipse.jdt.debug.ui",1363683268447
started,bundle,org.eclipse.ant.ui,3.5.101.v20120110-1739,"org.eclipse.ant.ui",1363683268460
started,bundle,org.eclipse.pde.core,3.7.1.v20120103_r372,"org.eclipse.pde.core",1363683268487
started,bundle,org.eclipse.wst.jsdt.debug.rhino.ui,1.0.1.v201201112313,"org.eclipse.wst.jsdt.debug.rhino.ui",1363683268491
started,bundle,org.eclipse.wst.jsdt.manipulation,1.0.300.v201104272153,"org.eclipse.wst.jsdt.manipulation",1363683268622
started,bundle,org.eclipse.wst.jsdt.core,1.1.102.v201111090634,"org.eclipse.wst.jsdt.core",1363683268701
started,bundle,org.eclipse.wst.jsdt.ui,1.1.102.v201201131900,"org.eclipse.wst.jsdt.ui",1363683268724
activated,workbench,org.eclipse.ui.workbench,3.7.1.v20120104-1859,"",1363683269066
executed,command,org.eclipse.jdt.ui,3.7.2.v20120109-1427,"org.eclipse.jdt.ui.edit.text.java.rename.element",1363683269077
started,bundle,org.eclipse.wst.dtd.core,1.1.501.v201107252021,"org.eclipse.wst.dtd.core",1363683269450
started,bundle,org.eclipse.wst.sse.ui,1.3.2.v201201041522,"org.eclipse.wst.sse.ui",1363683269455
started,bundle,org.eclipse.wst.html.ui,1.0.602.v201202091936,"org.eclipse.wst.html.ui",1363683269456
started,bundle,org.eclipse.wst.sse.core,1.1.602.v201112071516,"org.eclipse.wst.sse.core",1363683269526
started,bundle,org.eclipse.jst.jsf.common,1.2.3.v201104061039,"org.eclipse.jst.jsf.common",1363683269536
started,bundle,org.eclipse.jst.jsf.core,1.3.105.v201108261005,"org.eclipse.jst.jsf.core",1363683269539
started,bundle,org.eclipse.jst.jsp.core,1.2.402.v201112071853,"org.eclipse.jst.jsp.core",1363683269563
started,bundle,org.eclipse.jst.jee,1.0.402.v201202021530,"org.eclipse.jst.jee",1363683269566
started,bundle,org.eclipse.wst.wsdl.validation,1.1.502.v201104071820,"org.eclipse.wst.wsdl.validation",1363683269610
started,bundle,org.eclipse.wst.xsd.core,1.1.600.v201104070312,"org.eclipse.wst.xsd.core",1363683269613
started,bundle,org.eclipse.wst.xsl.core,1.1.100.v201102270516,"org.eclipse.wst.xsl.core",1363683269619
deactivated,workbench,org.eclipse.ui.workbench,3.7.1.v20120104-1859,"",1363683275382
activated,workbench,org.eclipse.ui.workbench,3.7.1.v20120104-1859,"",1363683281727
executed,command,org.eclipse.jdt.ui,3.7.2.v20120109-1427,"org.eclipse.jdt.ui.edit.text.java.rename.element",1363683281735
deactivated,workbench,org.eclipse.ui.workbench,3.7.1.v20120104-1859,"",1363683292761
activated,workbench,org.eclipse.ui.workbench,3.7.1.v20120104-1859,"",1363683293524
deactivated,workbench,org.eclipse.ui.workbench,3.7.1.v20120104-1859,"",1363683294756
activated,workbench,org.eclipse.ui.workbench,3.7.1.v20120104-1859,"",1363683296577
deactivated,workbench,org.eclipse.ui.workbench,3.7.1.v20120104-1859,"",1363683319383
activated,workbench,org.eclipse.ui.workbench,3.7.1.v20120104-1859,"",1363683325026
executed,command,org.eclipse.jdt.ui,3.7.2.v20120109-1427,"org.eclipse.jdt.ui.edit.text.java.rename.element",1363683325031
deactivated,workbench,org.eclipse.ui.workbench,3.7.1.v20120104-1859,"",1363683329095
activated,workbench,org.eclipse.ui.workbench,3.7.1.v20120104-1859,"",1363683330459
opened,editor,org.eclipse.jdt.ui,3.7.2.v20120109-1427,"org.eclipse.jdt.ui.CompilationUnitEditor",1363683334463
activated,editor,org.eclipse.jdt.ui,3.7.2.v20120109-1427,"org.eclipse.jdt.ui.CompilationUnitEditor",1363683334537
activated,view,org.eclipse.jdt.ui,3.7.2.v20120109-1427,"org.eclipse.jdt.ui.PackageExplorer",1363683339189
deactivated,workbench,org.eclipse.ui.workbench,3.7.1.v20120104-1859,"",1363683341133
activated,workbench,org.eclipse.ui.workbench,3.7.1.v20120104-1859,"",1363683347814
deactivated,workbench,org.eclipse.ui.workbench,3.7.1.v20120104-1859,"",1363683361301
activated,workbench,org.eclipse.ui.workbench,3.7.1.v20120104-1859,"",1363683365388
executed,command,org.eclipse.jdt.ui,3.7.2.v20120109-1427,"org.eclipse.jdt.ui.edit.text.java.rename.element",1363683365394
deactivated,workbench,org.eclipse.ui.workbench,3.7.1.v20120104-1859,"",1363683377035
activated,workbench,org.eclipse.ui.workbench,3.7.1.v20120104-1859,"",1363683385527
deactivated,workbench,org.eclipse.ui.workbench,3.7.1.v20120104-1859,"",1363683401015
activated,workbench,org.eclipse.ui.workbench,3.7.1.v20120104-1859,"",1363683405090
executed,command,org.eclipse.jdt.ui,3.7.2.v20120109-1427,"org.eclipse.jdt.ui.edit.text.java.rename.element",1363683405095
deactivated,workbench,org.eclipse.ui.workbench,3.7.1.v20120104-1859,"",1363683407597
activated,workbench,org.eclipse.ui.workbench,3.7.1.v20120104-1859,"",1363683408478
deactivated,workbench,org.eclipse.ui.workbench,3.7.1.v20120104-1859,"",1363683415537
activated,workbench,org.eclipse.ui.workbench,3.7.1.v20120104-1859,"",1363683420293
executed,command,org.eclipse.jdt.ui,3.7.2.v20120109-1427,"org.eclipse.jdt.ui.edit.text.java.rename.element",1363683420298
deactivated,workbench,org.eclipse.ui.workbench,3.7.1.v20120104-1859,"",1363683426040
activated,workbench,org.eclipse.ui.workbench,3.7.1.v20120104-1859,"",1363683432702
executed,command,org.eclipse.jdt.ui,3.7.2.v20120109-1427,"org.eclipse.jdt.ui.edit.text.java.rename.element",1363683432706
deactivated,workbench,org.eclipse.ui.workbench,3.7.1.v20120104-1859,"",1363683436978
activated,workbench,org.eclipse.ui.workbench,3.7.1.v20120104-1859,"",1363683440690
executed,command,org.eclipse.jdt.ui,3.7.2.v20120109-1427,"org.eclipse.jdt.ui.edit.text.java.rename.element",1363683440695
deactivated,workbench,org.eclipse.ui.workbench,3.7.1.v20120104-1859,"",1363683448451
activated,workbench,org.eclipse.ui.workbench,3.7.1.v20120104-1859,"",1363683453119
executed,command,org.eclipse.jdt.ui,3.7.2.v20120109-1427,"org.eclipse.jdt.ui.edit.text.java.rename.element",1363683453125
deactivated,workbench,org.eclipse.ui.workbench,3.7.1.v20120104-1859,"",1363683459757
activated,workbench,org.eclipse.ui.workbench,3.7.1.v20120104-1859,"",1363683464478
executed,command,org.eclipse.jdt.ui,3.7.2.v20120109-1427,"org.eclipse.jdt.ui.edit.text.java.rename.element",1363683464484
deactivated,workbench,org.eclipse.ui.workbench,3.7.1.v20120104-1859,"",1363683469690
activated,workbench,org.eclipse.ui.workbench,3.7.1.v20120104-1859,"",1363683476187
executed,command,org.eclipse.jdt.ui,3.7.2.v20120109-1427,"org.eclipse.jdt.ui.edit.text.java.rename.element",1363683476192
deactivated,workbench,org.eclipse.ui.workbench,3.7.1.v20120104-1859,"",1363683482266
activated,workbench,org.eclipse.ui.workbench,3.7.1.v20120104-1859,"",1363683483393
deactivated,workbench,org.eclipse.ui.workbench,3.7.1.v20120104-1859,"",1363683487949
activated,workbench,org.eclipse.ui.workbench,3.7.1.v20120104-1859,"",1363683501783
deactivated,workbench,org.eclipse.ui.workbench,3.7.1.v20120104-1859,"",1363683518959
activated,workbench,org.eclipse.ui.workbench,3.7.1.v20120104-1859,"",1363683519855
deactivated,workbench,org.eclipse.ui.workbench,3.7.1.v20120104-1859,"",1363683523375
activated,workbench,org.eclipse.ui.workbench,3.7.1.v20120104-1859,"",1363683524610
deactivated,workbench,org.eclipse.ui.workbench,3.7.1.v20120104-1859,"",1363683526365
activated,workbench,org.eclipse.ui.workbench,3.7.1.v20120104-1859,"",1363683543967
deactivated,workbench,org.eclipse.ui.workbench,3.7.1.v20120104-1859,"",1363683550811
activated,workbench,org.eclipse.ui.workbench,3.7.1.v20120104-1859,"",1363683555167
executed,command,org.eclipse.jdt.ui,3.7.2.v20120109-1427,"org.eclipse.jdt.ui.edit.text.java.rename.element",1363683555171
opened,editor,org.eclipse.jdt.ui,3.7.2.v20120109-1427,"org.eclipse.jdt.ui.CompilationUnitEditor",1363683558784
activated,editor,org.eclipse.jdt.ui,3.7.2.v20120109-1427,"org.eclipse.jdt.ui.CompilationUnitEditor",1363683558849
deactivated,workbench,org.eclipse.ui.workbench,3.7.1.v20120104-1859,"",1363683560633
activated,workbench,org.eclipse.ui.workbench,3.7.1.v20120104-1859,"",1363683567784
started,bundle,org.eclipse.equinox.p2.garbagecollector,1.0.200.v20110815-1419,"org.eclipse.equinox.p2.garbagecollector",1363683569169
activated,view,org.eclipse.jdt.ui,3.7.2.v20120109-1427,"org.eclipse.jdt.ui.PackageExplorer",1363683569761
deactivated,workbench,org.eclipse.ui.workbench,3.7.1.v20120104-1859,"",1363683577146
activated,workbench,org.eclipse.ui.workbench,3.7.1.v20120104-1859,"",1363683578011
deactivated,workbench,org.eclipse.ui.workbench,3.7.1.v20120104-1859,"",1363683583266
activated,workbench,org.eclipse.ui.workbench,3.7.1.v20120104-1859,"",1363683587344
executed,command,org.eclipse.jdt.ui,3.7.2.v20120109-1427,"org.eclipse.jdt.ui.edit.text.java.rename.element",1363683587348
